2023-08-23T18:42:42.988169,0,25
2023-08-23T18:42:43.609749,0,28
2023-08-23T18:42:44.010112,0,22
2023-08-23T18:42:44.625429,0,22
2023-08-23T18:42:44.935531,0,21
2023-08-23T18:42:45.443635,0,28
2023-08-23T18:42:45.972478,22,51
2023-08-23T18:42:46.485297,29,50
2023-08-23T18:42:46.980345,9,27
2023-08-23T18:42:47.491568,0,31
2023-08-23T18:42:48.114208,0,22
2023-08-23T18:42:48.518958,15,56
2023-08-23T18:42:49.040512,7,32
2023-08-23T18:42:49.542003,0,29
2023-08-23T18:42:49.952907,0,22
2023-08-23T18:42:50.689822,1,34
2023-08-23T18:42:50.951239,0,25
2023-08-23T18:42:51.662812,0,21
2023-08-23T18:42:52.113103,0,22
2023-08-23T18:42:52.763361,8,42
2023-08-23T18:42:52.935357,3,26
2023-08-23T18:42:53.432874,10,45
2023-08-23T18:42:54.048946,21,27
2023-08-23T18:42:54.454865,0,21
2023-08-23T18:42:55.070204,18,52
2023-08-23T18:42:55.480304,19,30
2023-08-23T18:42:56.094448,15,38
2023-08-23T18:42:56.503526,0,22
2023-08-23T18:42:57.125579,0,21
2023-08-23T18:42:57.425561,0,27
2023-08-23T18:42:57.937773,10,21
2023-08-23T18:42:58.451254,0,24
2023-08-23T18:42:59.066685,0,24
2023-08-23T18:42:59.473487,0,21
2023-08-23T18:42:59.992795,0,29
2023-08-23T18:43:00.499235,8,42
2023-08-23T18:43:01.008702,0,21
2023-08-23T18:43:01.624169,6,34
2023-08-23T18:43:01.931121,25,32
2023-08-23T18:43:02.444303,6,29
2023-08-23T18:43:03.056778,42,64
2023-08-23T18:43:03.483376,5,24
2023-08-23T18:43:03.984738,0,22
2023-08-23T18:43:04.478171,0,29
2023-08-23T18:43:05.003132,0,24
2023-08-23T18:43:05.537576,5,42
2023-08-23T18:43:06.254811,1,34
2023-08-23T18:43:06.422125,0,24
2023-08-23T18:43:07.062932,0,21
2023-08-23T18:43:07.682042,0,21
2023-08-23T18:43:07.971744,9,58
2023-08-23T18:43:08.484350,11,22
2023-08-23T18:43:09.005904,0,21
2023-08-23T18:43:09.510319,0,22
2023-08-23T18:43:09.917467,7,37
2023-08-23T18:43:10.430047,6,29
2023-08-23T18:43:11.044917,15,52
2023-08-23T18:43:11.458885,17,22
2023-08-23T18:43:12.067860,0,21
2023-08-23T18:43:12.479422,7,52
2023-08-23T18:43:13.095861,19,30
2023-08-23T18:43:13.419670,6,38
2023-08-23T18:43:14.116334,0,24
2023-08-23T18:43:14.422151,0,22
2023-08-23T18:43:14.916616,0,32
2023-08-23T18:43:15.558473,0,21
2023-08-23T18:43:15.961538,0,26
2023-08-23T18:43:16.581504,0,22
2023-08-23T18:43:16.986646,0,21
2023-08-23T18:43:17.596782,5,46
2023-08-23T18:43:18.007513,12,37
2023-08-23T18:43:18.527276,11,43
2023-08-23T18:43:19.040126,0,22
2023-08-23T18:43:19.648252,2,56
2023-08-23T18:43:19.915708,4,37
2023-08-23T18:43:20.580948,0,29
2023-08-23T18:43:21.037246,0,27
2023-08-23T18:43:21.613260,0,22
2023-08-23T18:43:22.024606,0,22
2023-08-23T18:43:22.628645,0,26
2023-08-23T18:43:23.033055,0,27
2023-08-23T18:43:23.536552,0,27
2023-08-23T18:43:23.961036,0,28
2023-08-23T18:43:24.561071,0,24
2023-08-23T18:43:24.917533,0,27
2023-08-23T18:43:25.587223,0,24
2023-08-23T18:43:25.993887,0,21
2023-08-23T18:43:26.507077,0,22
2023-08-23T18:43:27.019445,0,21
2023-08-23T18:43:27.534078,0,21
2023-08-23T18:43:28.046154,0,22
2023-08-23T18:43:28.554121,0,27
2023-08-23T18:43:28.963449,0,22
2023-08-23T18:43:29.476496,0,22
2023-08-23T18:43:29.926186,0,21
2023-08-23T18:43:30.503823,0,21
2023-08-23T18:43:31.013132,0,21
2023-08-23T18:43:31.525755,0,27
2023-08-23T18:43:31.934041,0,27
2023-08-23T18:43:32.549749,0,22
2023-08-23T18:43:32.961125,10,21
2023-08-23T18:43:33.573411,0,28
2023-08-23T18:43:33.981680,0,21
2023-08-23T18:43:34.501070,0,28
2023-08-23T18:43:35.005797,0,22
2023-08-23T18:43:35.543499,0,29
2023-08-23T18:43:36.085760,0,27
2023-08-23T18:43:36.563154,0,21
2023-08-23T18:43:37.167653,0,21
2023-08-23T18:43:37.414596,0,27
2023-08-23T18:43:38.080523,0,26
2023-08-23T18:43:38.494468,0,26
2023-08-23T18:43:39.101210,0,22
2023-08-23T18:43:39.513087,0,21
2023-08-23T18:43:40.023725,0,22
2023-08-23T18:43:40.435798,0,22
2023-08-23T18:43:41.051202,0,21
2023-08-23T18:43:41.457158,0,31
2023-08-23T18:43:41.974815,0,24
2023-08-23T18:43:42.584475,0,21
2023-08-23T18:43:42.993443,0,22
2023-08-23T18:43:43.608558,0,21
2023-08-23T18:43:44.022003,0,29
2023-08-23T18:43:44.426933,0,29
2023-08-23T18:43:44.941802,0,22
2023-08-23T18:43:45.655752,4,22
2023-08-23T18:43:45.964236,0,22
2023-08-23T18:43:46.474817,0,22
2023-08-23T18:43:47.091877,0,22
2023-08-23T18:43:47.506876,0,22
2023-08-23T18:43:48.114553,0,22
2023-08-23T18:43:48.524017,0,22
2023-08-23T18:43:48.947831,0,28
2023-08-23T18:43:49.444330,0,27
2023-08-23T18:43:50.161752,0,30
2023-08-23T18:43:50.691064,0,22
2023-08-23T18:43:50.951895,0,22
2023-08-23T18:43:51.669582,0,21
2023-08-23T18:43:51.928749,0,21
2023-08-23T18:43:52.742595,0,21
2023-08-23T18:43:52.939674,8,65
2023-08-23T18:43:53.437417,6,46
2023-08-23T18:43:54.054181,10,25
2023-08-23T18:43:54.468456,0,27
2023-08-23T18:43:55.076759,3,24
2023-08-23T18:43:55.487986,0,22
2023-08-23T18:43:56.007376,0,24
2023-08-23T18:43:56.509779,0,40
2023-08-23T18:43:57.129082,0,28
2023-08-23T18:43:57.432592,0,21
2023-08-23T18:43:57.944316,0,22
2023-08-23T18:43:58.456058,0,22
2023-08-23T18:43:59.172097,0,21
2023-08-23T18:43:59.418060,0,22
2023-08-23T18:44:00.004149,0,27
2023-08-23T18:44:00.504531,0,24
2023-08-23T18:44:01.019096,5,38
2023-08-23T18:44:01.527560,0,30
2023-08-23T18:44:02.051001,0,21
2023-08-23T18:44:02.456351,0,22
2023-08-23T18:44:02.960367,0,22
2023-08-23T18:44:03.474079,0,24
2023-08-23T18:44:03.990421,0,28
2023-08-23T18:44:04.503897,0,28
2023-08-23T18:44:05.116843,0,22
2023-08-23T18:44:05.417876,0,22
2023-08-23T18:44:05.963876,0,21
2023-08-23T18:44:06.516596,0,21
2023-08-23T18:44:07.007946,0,22
2023-08-23T18:44:07.687626,0,22
2023-08-23T18:44:08.096385,0,21
2023-08-23T18:44:08.492068,0,24
2023-08-23T18:44:09.004360,6,24
2023-08-23T18:44:09.618670,0,32
2023-08-23T18:44:09.919973,5,22
2023-08-23T18:44:10.438149,23,41
2023-08-23T18:44:10.954781,1,45
2023-08-23T18:44:11.460605,0,21
2023-08-28T19:44:02.117828,0,8
2023-08-28T19:44:02.733675,0,8
2023-08-28T19:44:03.096676,0,8
2023-08-28T19:44:03.654569,0,8
2023-08-28T19:44:04.166859,0,9
2023-08-28T19:44:04.780492,0,8
2023-08-28T19:44:05.190290,0,9
2023-08-28T19:44:05.599903,0,9
2023-08-28T19:44:06.214229,0,9
2023-08-28T19:44:06.624294,0,9
2023-08-28T19:44:07.090585,0,9
2023-08-28T19:44:07.648137,0,9
2023-08-28T19:44:08.250545,0,13
2023-08-28T19:44:08.673724,0,9
2023-08-28T19:44:09.287421,0,9
2023-08-28T19:44:09.593757,0,9
2023-08-28T19:44:10.106011,0,9
2023-08-28T19:44:10.721245,0,9
2023-08-28T19:44:11.130932,0,8
2023-08-28T19:44:11.641407,0,9
2023-08-28T19:44:12.154178,0,9
2023-08-28T19:44:12.665444,0,9
2023-08-28T19:44:13.176940,0,9
2023-08-28T19:44:13.794517,0,8
2023-08-28T19:44:14.464818,0,8
2023-08-28T19:44:14.613197,0,8
2023-08-28T19:44:15.090491,0,9
2023-08-28T19:44:15.637913,0,9
2023-08-28T19:44:16.250756,0,9
2023-08-28T19:44:16.659387,0,9
2023-08-28T19:44:17.171829,0,9
2023-08-28T19:44:17.684309,0,8
2023-08-28T19:44:18.298810,0,9
2023-08-28T19:44:18.606473,0,8
2023-08-28T19:44:19.120649,0,9
2023-08-28T19:44:19.629044,0,8
2023-08-28T19:44:20.160426,0,8
2023-08-28T19:44:20.652678,0,8
2023-08-28T19:44:21.164566,0,8
2023-08-28T19:44:21.676921,0,8
2023-08-28T19:44:22.188613,0,8
2023-08-28T19:44:22.598239,0,8
2023-08-28T19:44:23.212747,0,8
2023-08-28T19:44:23.621859,0,8
2023-08-28T19:44:24.241829,0,8
2023-08-28T19:44:24.592057,0,8
2023-08-28T19:44:25.263423,0,8
2023-08-28T19:44:25.670426,0,8
2023-08-28T19:44:26.285457,0,8
2023-08-28T19:44:26.694701,0,8
2023-08-28T19:44:27.103870,6,8
2023-08-28T19:44:27.718471,0,21
2023-08-28T19:44:28.130161,0,8
2023-08-28T19:44:28.743760,0,8
2023-08-28T19:44:29.153599,0,20
2023-08-28T19:44:29.771375,5,21
2023-08-28T19:44:30.175914,10,38
2023-08-28T19:44:30.790962,0,21
2023-08-28T19:44:31.097457,0,20
2023-08-28T19:44:31.614019,0,20
2023-08-28T19:44:32.225704,0,20
2023-08-28T19:44:32.637638,0,20
2023-08-28T19:44:33.147614,0,21
2023-08-28T19:44:33.660627,10,21
2023-08-28T19:44:34.170711,22,72
2023-08-28T19:44:34.684006,6,21
2023-08-28T19:44:35.296420,0,20
2023-08-28T19:44:35.592634,0,21
2023-08-28T19:44:36.115076,8,480
2023-08-28T19:44:36.738271,50,64
2023-08-28T19:44:37.139627,4,21
2023-08-28T19:44:37.753919,0,21
2023-08-28T19:44:38.163650,2,94
2023-08-28T19:44:38.676210,6,21
2023-08-28T19:44:39.187670,0,8
2023-08-28T19:44:39.593937,0,8
2023-08-28T19:44:40.213473,0,8
2023-08-28T19:44:40.621746,0,21
2023-08-28T19:44:41.235652,4,8
2023-08-28T19:44:41.645487,0,8
2023-08-28T19:44:42.167566,0,9
2023-08-28T19:44:42.669556,0,20
2023-08-28T19:44:43.183236,0,20
2023-08-28T19:44:43.694077,10,21
2023-08-28T19:44:44.102747,10,20
2023-08-28T19:44:44.717169,14,46
2023-08-28T19:44:45.091479,6,90
2023-08-28T19:44:45.641791,8,30
2023-08-28T19:44:46.093212,23,31
2023-08-28T19:44:46.662598,10,9
2023-08-28T19:44:47.175006,5,9
2023-08-28T19:44:47.688166,0,9
2023-08-28T19:44:48.165542,0,8
2023-08-28T19:44:48.608347,8,20
2023-08-28T19:44:49.121626,12,176
2023-08-28T19:44:49.632051,14,9
2023-08-28T19:44:50.250945,0,20
2023-08-28T19:44:50.658267,10,9
2023-08-28T19:44:51.168545,0,9
2023-08-28T19:44:51.680819,0,9
2023-08-28T19:44:52.296438,0,9
2023-08-28T19:44:52.591740,0,9
2023-08-28T19:44:53.114064,0,9
2023-08-28T19:44:53.753022,0,9
2023-08-28T19:44:54.091527,0,9
2023-08-28T19:44:54.753810,0,9
2023-08-28T19:44:55.164492,0,9
2023-08-28T19:44:55.776689,0,9
2023-08-28T19:44:56.186204,0,9
2023-08-28T19:44:56.698545,0,9
2023-08-28T19:44:57.109233,0,9
2023-08-28T19:44:57.619952,0,9
2023-08-28T19:44:58.234515,0,9
2023-08-28T19:44:58.591162,0,9
2023-08-28T19:44:59.097371,0,9
2023-08-28T19:44:59.669343,0,9
2023-08-28T19:45:00.132574,0,9
2023-08-28T19:45:00.693205,0,9
2023-08-28T19:45:01.102468,0,9
2023-08-28T19:45:01.613654,0,9
2023-08-28T19:45:02.127341,0,9
2023-08-28T19:45:02.740579,0,9
2023-08-28T19:45:03.150681,0,9
2023-08-28T19:45:03.768153,0,9
2023-08-28T19:45:04.091370,0,9
2023-08-28T19:45:04.685192,0,8
2023-08-28T19:45:05.092245,0,9
2023-08-28T19:45:05.624838,0,9
2023-08-28T19:45:06.119190,0,9
2023-08-28T19:45:06.631325,0,8
2023-08-28T19:45:07.143303,0,8
2023-08-28T19:45:07.655644,0,6
2023-08-28T19:45:08.272068,0,9
2023-08-28T19:45:08.679927,0,10
2023-08-28T19:45:09.293946,0,6
2023-08-28T19:45:09.601347,0,13
2023-08-28T19:45:10.114070,0,13
2023-08-28T19:45:10.727286,0,4
2023-08-28T19:45:11.136794,0,3
2023-08-28T19:45:11.751598,0,19
2023-08-28T19:45:12.167489,0,12
2023-08-28T19:45:12.673671,0,9
2023-08-28T19:45:13.184955,0,9
2023-08-28T19:45:13.801757,0,10
2023-08-28T19:45:14.106558,0,9
2023-08-28T19:45:14.618926,0,6
2023-08-28T19:45:15.233104,0,6
2023-08-28T19:45:15.643011,0,7
2023-08-28T19:45:16.155541,0,8
2023-08-28T19:45:16.666671,0,12
2023-08-28T19:45:17.281240,0,6
2023-08-28T19:45:17.695679,33,938
2023-08-28T19:45:18.209457,49,46
2023-08-28T19:45:18.616077,50,937
2023-08-28T19:45:19.128553,48,37
2023-08-28T19:45:19.637561,0,32
2023-08-28T19:45:20.148112,0,20
2023-08-28T19:45:20.662157,0,20
2023-08-28T19:45:21.173543,0,20
2023-08-28T19:45:21.788402,0,20
2023-08-28T19:45:22.092222,0,21
2023-08-28T19:45:22.605581,13,20
2023-08-28T19:45:23.227969,29,52
2023-08-28T19:45:23.629629,1,20
2023-08-28T19:45:24.245215,0,20
2023-08-28T19:45:24.653883,0,21
2023-08-28T19:45:25.270817,0,21
2023-08-28T19:45:25.685451,41,373
2023-08-28T19:45:26.305833,50,182
2023-08-28T19:45:26.615265,44,33
2023-08-28T19:45:27.111675,0,20
2023-08-28T19:45:27.725967,0,21
2023-08-28T19:45:28.138379,0,22
2023-08-28T19:45:28.647836,16,204
2023-08-28T19:45:29.167923,50,447
2023-08-28T19:45:29.598135,50,254
2023-08-28T19:45:30.183748,19,21
2023-08-28T19:45:30.798252,0,21
2023-08-28T19:45:31.092633,0,20
2023-08-28T19:45:31.617445,0,20
2023-08-28T19:45:32.232193,0,20
2023-08-28T19:45:32.642045,0,20
2023-08-28T19:45:33.153147,0,9
2023-08-28T19:45:33.665448,0,9
2023-08-28T19:45:34.284236,0,20
2023-08-28T19:45:34.596088,21,278
2023-08-28T19:45:35.108362,50,235
2023-08-28T19:45:35.621926,50,90
2023-08-28T19:45:36.126094,7,21
2023-08-28T19:45:36.738575,0,21
2023-08-28T19:45:37.149308,0,22
2023-08-28T19:45:37.762887,15,37
2023-08-28T19:45:38.095392,0,20
2023-08-28T19:45:38.788412,0,20
2023-08-28T19:45:39.195424,0,21
2023-08-28T19:45:39.810935,0,20
2023-08-28T19:45:40.116690,0,20
2023-08-28T19:45:40.629175,0,20
2023-08-28T19:45:41.140705,0,20
2023-08-28T19:45:41.653459,0,20
2023-08-28T19:45:42.266576,0,20
2023-08-28T19:45:42.676746,0,20
2023-08-28T19:45:43.291002,0,21
2023-08-28T19:45:43.703487,0,20
2023-08-28T19:45:44.110102,0,20
2023-08-28T19:45:44.726176,0,20
2023-08-28T19:45:45.135331,0,21
2023-08-28T19:45:45.647451,0,20
2023-08-28T19:45:46.158639,0,20
2023-08-28T19:45:46.772697,0,21
2023-08-28T19:45:47.092036,0,21
2023-08-28T19:45:47.592697,0,20
2023-08-28T19:45:48.205997,0,24
2023-08-28T19:45:48.615805,0,21
2023-08-28T19:45:49.233751,0,21
2023-08-28T19:45:49.639955,0,21
2023-08-28T19:45:50.156314,0,21
2023-08-28T19:45:50.593164,0,21
2023-08-28T19:45:51.279044,0,21
2023-08-28T19:45:51.688668,0,21
2023-08-28T19:45:52.304942,0,20
2023-08-28T19:45:52.610222,0,20
2023-08-28T19:45:53.125360,0,20
2023-08-28T19:45:53.633128,0,21
2023-08-28T19:45:54.146707,0,21
2023-08-28T19:45:54.761105,0,21
2023-08-28T19:45:55.171115,0,20
2023-08-28T19:45:55.784924,0,21
2023-08-28T19:45:56.195008,0,20
2023-08-28T19:45:56.602820,0,20
2023-08-28T19:45:57.114675,0,21
2023-08-28T19:45:57.627561,0,21
2023-08-28T19:45:58.242707,0,20
2023-08-28T19:45:58.652428,0,21
2023-08-28T19:45:59.265978,0,20
2023-08-28T19:45:59.677826,0,21
2023-08-28T19:46:00.290896,0,20
2023-08-28T19:46:00.701048,0,20
2023-08-28T19:46:01.109411,0,20
2023-08-28T19:46:01.725304,0,21
2023-08-28T19:46:02.133146,0,21
2023-08-28T19:46:02.646289,0,20
2023-08-28T19:46:03.157378,0,20
2023-08-28T19:46:03.775734,0,20
2023-08-28T19:46:04.183207,0,20
2023-08-28T19:46:04.796187,0,20
2023-08-28T19:46:05.092729,0,21
2023-08-28T19:46:05.614624,0,20
2023-08-28T19:46:06.129072,0,20
2023-08-28T19:46:06.640577,0,21
2023-08-28T19:46:07.154100,0,21
2023-08-28T19:46:07.663210,0,20
2023-08-28T19:46:08.092952,0,21
2023-08-28T19:46:08.688084,0,21
2023-08-28T19:46:09.303804,0,21
2023-08-28T19:46:09.609424,0,24
2023-08-28T19:46:10.126590,41,310
2023-08-28T19:46:10.637722,50,85
2023-08-28T19:46:11.144286,3,9
2023-08-28T19:46:11.761614,0,9
2023-08-28T19:46:12.170882,0,9
2023-08-28T19:46:12.682960,0,9
2023-08-28T19:46:13.193727,0,9
2023-08-28T19:46:13.602240,0,9
2023-08-28T19:46:14.217960,0,9
2023-08-28T19:46:14.625843,0,9
2023-08-28T19:46:15.093208,0,9
2023-08-28T19:46:15.649971,0,9
2023-08-28T19:46:16.162887,0,9
2023-08-28T19:46:16.676894,0,9
2023-08-28T19:46:17.290948,0,9
2023-08-28T19:46:17.612408,0,9
2023-08-28T19:46:18.212247,0,9
2023-08-28T19:46:18.619257,0,9
2023-08-28T19:46:19.133014,0,8
2023-08-28T19:46:19.746043,0,8
2023-08-28T19:46:20.158325,0,8
2023-08-28T19:46:20.667927,0,9
2023-08-28T19:48:13.442580,0,21
2023-08-28T19:48:13.978318,0,20
2023-08-28T19:48:14.444052,0,20
2023-08-28T19:48:15.051491,0,20
2023-08-28T19:48:15.462396,0,21
2023-08-28T19:48:16.075534,0,21
2023-08-28T19:48:16.489906,0,20
2023-08-28T19:48:17.098917,0,20
2023-08-28T19:48:17.514273,0,20
2023-08-28T19:48:18.123014,0,21
2023-08-28T19:48:18.533314,0,20
2023-08-28T19:48:19.052022,31,28
2023-08-28T19:49:48.267944,0,21
2023-08-28T19:49:48.902061,0,29
2023-08-28T19:49:49.519753,0,28
2023-08-28T19:49:49.927694,0,28
2023-08-28T19:49:50.288496,0,29
2023-08-28T19:49:50.899121,0,29
2023-08-28T19:49:51.308363,0,21
2023-08-28T19:49:51.923090,0,21
2023-08-28T19:49:52.332371,0,21
2023-08-28T19:49:52.946948,0,21
2023-08-28T19:49:53.356751,0,20
2023-08-28T19:49:53.773332,0,21
2023-08-28T19:49:54.280776,0,20
2023-08-28T19:49:54.789954,0,21
2023-08-28T19:49:55.302683,0,21
2023-08-28T19:49:55.815092,0,21
2023-08-28T19:49:56.326186,0,21
2023-08-28T19:49:56.837349,0,21
2023-08-28T19:50:02.194648,0,21
2023-08-28T19:50:02.777531,0,21
2023-08-28T19:50:03.391769,0,21
2023-08-28T19:50:03.698643,0,20
2023-08-28T19:50:04.214032,0,20
2023-08-28T19:50:04.834341,0,21
2023-08-28T19:50:05.235558,0,21
2023-08-28T19:50:05.748421,0,21
2023-08-28T19:50:06.259789,0,20
2023-08-28T19:50:06.873460,0,21
2023-08-28T19:50:07.283486,0,21
2023-08-28T19:50:07.900002,0,21
2023-08-28T19:50:08.207346,0,20
2023-08-28T19:50:08.713208,0,21
2023-08-28T19:50:09.231201,0,21
2023-08-28T19:50:09.695837,0,20
2023-08-28T19:50:10.195644,0,21
2023-08-28T19:50:10.699563,0,28
2023-08-28T19:50:11.379585,0,28
2023-08-28T19:50:11.809323,0,21
2023-08-28T19:50:12.441426,0,28
2023-08-28T19:50:12.705744,0,21
2023-08-28T19:50:18.590891,0,21
2023-08-28T19:50:19.162028,0,20
2023-08-28T19:50:19.776541,0,20
2023-08-28T19:50:20.185759,0,20
2023-08-28T19:50:20.800861,0,20
2023-08-28T19:50:21.109508,0,21
2023-08-28T19:50:21.620095,0,21
2023-08-28T19:50:22.133670,0,21
2023-08-28T19:50:22.647295,0,21
2023-08-28T19:50:23.156235,0,20
2023-08-28T19:50:23.668929,9,199
2023-08-28T19:50:24.313187,50,60
2023-08-28T19:50:24.714240,24,41
2023-08-28T19:50:25.404197,0,28
2023-08-28T19:50:25.613567,0,30
2023-08-28T19:50:26.125252,0,28
2023-08-28T19:50:26.638033,0,21
2023-08-28T19:50:27.150893,0,20
2023-08-28T19:50:27.662950,0,30
2023-08-28T19:50:28.173323,0,28
2023-08-28T19:50:28.885847,0,28
2023-08-28T19:50:29.218441,0,21
2023-08-28T19:50:29.607371,0,28
2023-08-28T19:50:30.248005,0,29
2023-08-28T19:50:30.658894,0,21
2023-08-28T19:50:31.308272,0,21
2023-08-28T19:50:31.648804,0,21
2023-08-28T19:50:32.269328,0,20
2023-08-28T19:50:32.680069,0,22
2023-08-28T19:50:33.091176,0,21
2023-08-28T19:50:33.600406,0,21
2023-08-28T19:50:34.112270,0,20
2023-08-28T19:50:34.726618,0,21
2023-08-28T19:50:35.091654,0,20
2023-08-28T19:50:35.751602,0,20
2023-08-28T19:50:36.163682,0,21
2023-08-28T19:50:36.775227,0,21
2023-08-28T19:50:37.091024,0,21
2023-08-28T19:50:37.801988,0,20
2023-08-28T19:50:38.106090,0,21
2023-08-28T19:50:38.617902,0,21
2023-08-28T19:50:39.235158,0,20
2023-08-28T19:50:39.641443,0,20
2023-08-28T19:50:40.263594,0,20
2023-08-28T19:50:40.666174,0,20
2023-08-28T19:50:41.280832,0,21
2023-08-28T19:50:41.690687,0,21
2023-08-28T19:50:42.102580,0,20
2023-08-28T19:50:42.612055,0,20
2023-08-28T19:50:43.124584,0,21
2023-08-28T19:50:43.638146,0,21
2023-08-28T19:50:44.149146,0,20
2023-08-28T19:50:44.669668,0,20
2023-08-28T19:50:45.173307,0,20
2023-08-28T19:50:45.700387,0,21
2023-08-28T19:50:46.196231,0,20
2023-08-28T19:50:46.604844,0,30
2023-08-28T19:50:47.227034,0,20
2023-08-28T19:50:47.629229,0,20
2023-08-28T19:50:48.244270,0,20
2023-08-28T19:50:48.654137,0,21
2023-08-28T19:50:49.166543,0,21
2023-08-28T19:50:49.678205,0,20
2023-08-28T19:50:50.092520,0,20
2023-08-28T19:50:50.701991,0,21
2023-08-28T19:50:51.112781,0,20
2023-08-28T19:50:51.733008,0,21
2023-08-28T19:50:52.137019,0,20
2023-08-28T19:50:52.651365,0,20
2023-08-28T19:50:53.163524,0,20
2023-08-28T19:50:53.671039,0,20
2023-08-28T19:50:54.170015,0,21
2023-08-28T19:50:54.799175,0,20
2023-08-28T19:50:55.099042,0,21
2023-08-28T19:50:55.591363,0,20
2023-08-28T19:50:56.089552,0,20
2023-08-28T19:50:56.642137,0,20
2023-08-28T19:50:57.160601,0,21
2023-08-28T19:50:57.665046,0,20
2023-08-28T19:50:58.176468,0,20
2023-08-28T19:50:58.689054,0,22
2023-08-28T19:50:59.206844,0,20
2023-08-28T19:50:59.591314,0,20
2023-08-28T19:51:00.121839,0,20
2023-08-28T19:51:00.737173,0,21
2023-08-28T19:51:01.146011,0,20
2023-08-28T19:51:01.760876,0,20
2023-08-28T19:51:02.169869,0,26
2023-08-28T19:51:02.785844,0,20
2023-08-28T19:51:03.193865,0,21
2023-08-28T19:51:03.607240,0,21
2023-08-28T19:51:04.129531,0,26
2023-08-28T19:51:04.627912,0,20
2023-08-28T19:51:05.139839,0,20
2023-08-28T19:51:05.651929,0,21
2023-08-28T19:51:06.164797,0,20
2023-08-28T19:51:06.676957,0,21
2023-08-28T19:51:07.187640,0,21
2023-08-28T19:51:07.597351,0,21
2023-08-28T19:51:08.109321,0,21
2023-08-28T19:51:08.724114,0,21
2023-08-28T19:51:09.134260,0,21
2023-08-28T19:51:09.748670,0,21
2023-08-28T19:51:10.092949,0,21
2023-08-28T19:51:10.669998,0,22
2023-08-28T19:51:11.181894,0,21
2023-08-28T19:51:11.697454,0,21
2023-08-28T19:51:12.102925,0,21
2023-08-28T19:51:12.616255,0,21
2023-08-28T19:51:13.231051,0,20
2023-08-28T19:51:13.639453,0,21
2023-08-28T19:51:14.256826,0,21
2023-08-28T19:51:14.663732,0,20
2023-08-28T19:51:15.282785,0,21
2023-08-28T19:51:15.687281,0,20
2023-08-28T19:51:16.098377,0,21
2023-08-28T19:51:16.612805,0,21
2023-08-28T19:51:17.120995,0,20
2023-08-28T19:51:17.634311,0,21
2023-08-28T19:51:18.144766,0,20
2023-08-28T19:51:18.762492,0,20
2023-08-28T19:51:19.171527,0,20
2023-08-28T19:51:19.681445,0,20
2023-08-28T19:51:20.193501,0,21
2023-08-28T19:51:20.603351,0,20
2023-08-28T19:51:21.217934,0,21
2023-08-28T19:51:21.632965,0,20
2023-08-28T19:51:22.092679,0,20
2023-08-28T19:51:22.651154,0,20
2023-08-28T19:51:23.264964,0,20
2023-08-28T19:51:23.676611,0,20
2023-08-28T19:51:24.289570,0,21
2023-08-28T19:51:24.702113,0,21
2023-08-28T19:51:25.108016,0,21
2023-08-28T19:51:25.733571,0,20
2023-08-28T19:51:26.132846,0,21
2023-08-28T19:51:26.747087,0,21
2023-08-28T19:51:27.156529,0,20
2023-08-28T19:51:27.669132,0,20
2023-08-28T19:51:28.182208,0,21
2023-08-28T19:51:28.794968,0,20
2023-08-28T19:51:29.101707,0,20
2023-08-28T19:51:29.614683,0,20
2023-08-28T19:51:30.228892,0,21
2023-08-28T19:51:30.638817,0,20
2023-08-28T19:51:31.107609,0,20
2023-08-28T19:51:31.662435,0,20
2023-08-28T19:51:32.276459,0,20
2023-08-28T19:51:32.688870,0,21
2023-08-28T19:51:33.300629,0,20
2023-08-28T19:51:33.608114,0,20
2023-08-28T19:51:34.119823,0,20
2023-08-28T19:51:34.734301,0,21
2023-08-28T19:51:35.158606,0,21
2023-08-28T19:51:35.757893,0,20
2023-08-28T19:51:36.168348,0,20
2023-08-28T19:51:36.782237,0,21
2023-08-28T19:51:37.194803,0,20
2023-08-28T19:51:37.601743,0,20
2023-08-28T19:51:38.259280,0,21
2023-08-28T19:51:38.625165,0,20
2023-08-28T19:51:39.137491,0,21
2023-08-28T19:51:39.648924,0,20
2023-08-28T19:51:40.266390,0,20
2023-08-28T19:51:40.665217,0,20
2023-08-28T19:51:41.185683,0,21
2023-08-28T19:51:41.697751,0,21
2023-08-28T19:51:42.106458,0,21
2023-08-28T19:51:42.723413,0,20
2023-08-28T19:51:43.131277,0,21
2023-08-28T19:51:43.675273,0,20
2023-08-28T19:51:44.235517,0,20
2023-08-28T19:51:44.642109,0,21
2023-08-28T19:51:45.179024,0,20
2023-08-28T19:51:45.795101,0,21
2023-08-28T19:51:46.102358,0,21
2023-08-28T19:51:46.612396,0,21
2023-08-28T19:51:47.228150,0,21
2023-08-28T19:51:47.636041,0,21
2023-08-28T19:51:48.251079,0,20
2023-08-28T19:51:48.661116,0,20
2023-08-28T19:51:49.275103,0,21
2023-08-28T19:51:49.684619,0,20
2023-08-28T19:51:50.198620,0,20
2023-08-28T19:51:50.608595,0,20
2023-08-28T19:51:51.118152,0,20
2023-08-28T19:51:51.733711,0,20
2023-08-28T19:51:52.142170,0,20
2023-08-28T19:51:52.757216,0,20
2023-08-28T19:51:53.093751,0,20
2023-08-28T19:51:53.781856,0,21
2023-08-28T19:51:54.096575,0,21
2023-08-28T19:51:54.600863,0,20
2023-08-28T19:51:55.110139,0,20
2023-08-28T19:51:55.623952,0,20
2023-08-28T19:51:56.116153,0,20
2023-08-28T19:51:56.652045,0,21
2023-08-28T19:51:57.161088,0,20
2023-08-28T19:51:57.592012,0,20
2023-08-28T19:51:58.184079,0,20
2023-08-28T19:51:58.696800,0,21
2023-08-28T19:51:59.105475,0,21
2023-08-28T19:51:59.617565,0,20
2023-08-28T19:52:00.129624,0,21
2023-08-28T19:52:00.644214,0,21
2023-08-28T19:52:01.174354,0,20
2023-08-28T19:52:01.820962,0,21
2023-08-28T19:52:02.213556,0,20
2023-08-28T19:52:02.792372,0,20
2023-08-28T19:52:03.100102,0,21
2023-08-28T19:52:03.611600,0,20
2023-08-28T19:52:04.225891,0,20
2023-08-28T19:52:04.641953,0,20
2023-08-28T19:52:05.147458,0,20
2023-08-28T19:52:05.598230,0,20
2023-08-28T19:52:06.274194,0,21
2023-08-28T19:52:06.683845,0,20
2023-08-28T19:52:07.093501,0,20
2023-08-28T19:52:07.710949,0,20
2023-08-28T19:52:08.117443,0,20
2023-08-28T19:52:08.732702,0,20
2023-08-28T19:52:09.140927,0,21
2023-08-28T19:52:09.653457,0,21
2023-08-28T19:52:10.165370,0,20
2023-08-28T19:52:10.593955,0,21
2023-08-28T19:52:11.093279,0,20
2023-08-28T19:52:11.592209,0,20
2023-08-28T19:52:12.213384,0,20
2023-08-28T19:52:12.591255,0,20
2023-08-28T19:52:13.237589,0,21
2023-08-28T19:52:13.592782,0,21
2023-08-28T19:52:14.262338,0,21
2023-08-28T19:52:14.670812,0,20
2023-08-28T19:52:15.166350,0,21
2023-08-28T19:52:15.694812,0,21
2023-08-28T19:52:16.105071,0,20
2023-08-28T19:52:16.623346,0,20
2023-08-28T19:52:17.177671,0,20
2023-08-28T19:52:17.593555,0,20
2023-08-28T19:52:18.152439,0,21
2023-08-28T19:52:18.767488,0,20
2023-08-28T19:52:19.197521,0,20
2023-08-28T19:52:19.688625,0,20
2023-08-28T19:52:20.281716,0,21
2023-08-28T19:52:20.609681,0,20
2023-08-28T19:52:21.224533,0,21
2023-08-28T19:52:21.839078,0,20
2023-08-28T19:52:22.146348,0,20
2023-08-28T19:52:22.659152,0,20
2023-08-28T19:52:23.272623,0,20
2023-08-28T19:52:23.683092,0,21
2023-08-28T19:52:24.297416,0,20
2023-08-28T19:52:24.604448,0,20
2023-08-28T19:52:25.119704,0,21
2023-08-28T19:52:25.627775,0,21
2023-08-28T19:52:26.141632,0,21
2023-08-28T19:52:26.652832,0,20
2023-08-28T19:52:27.163683,0,20
2023-08-28T19:52:27.603580,0,20
2023-08-28T19:52:28.187945,0,20
2023-08-28T19:52:28.701558,0,21
2023-08-28T19:52:29.109246,0,21
2023-08-28T19:52:29.622518,0,21
2023-08-28T19:52:30.137579,0,20
2023-08-28T19:52:30.653279,0,20
2023-08-28T19:52:31.259925,0,20
2023-08-28T19:52:31.669691,0,20
2023-08-28T19:52:32.284016,0,21
2023-08-28T19:52:32.593448,0,21
2023-08-28T19:52:33.102938,0,20
2023-08-28T19:52:33.615118,0,20
2023-08-28T19:52:34.126820,0,20
2023-08-28T19:52:34.741597,0,20
2023-08-28T19:52:35.151239,0,20
2023-08-28T19:52:35.793642,0,20
2023-08-28T19:52:36.175661,0,20
2023-08-28T19:52:36.789789,0,20
2023-08-28T19:52:37.093640,0,20
2023-08-28T19:52:37.738396,0,20
2023-08-28T19:52:38.240197,0,20
2023-08-28T19:52:38.640477,0,20
2023-08-28T19:52:39.145352,0,21
2023-08-28T19:52:39.657069,0,20
2023-08-28T19:52:40.271256,0,21
2023-08-28T19:52:40.681744,0,20
2023-08-28T19:52:41.192608,0,21
2023-08-28T19:52:41.602888,0,20
2023-08-28T19:52:42.114651,0,21
2023-08-28T19:52:42.730141,0,20
2023-08-28T19:52:43.140146,0,20
2023-08-28T19:52:43.758035,0,20
2023-08-28T19:52:44.188641,0,21
2023-08-28T19:52:44.890128,0,20
2023-08-28T19:52:45.146435,0,20
2023-08-28T19:52:45.915677,0,21
2023-08-28T19:52:46.119176,0,21
2023-08-28T19:52:46.631787,0,20
2023-08-28T19:52:47.093024,0,21
2023-08-28T19:52:47.647290,0,20
2023-08-28T19:52:48.156422,0,20
2023-08-28T19:52:48.684507,0,20
2023-08-28T19:52:49.181428,0,20
2023-08-28T19:52:49.692957,0,20
2023-08-28T19:52:50.103114,0,20
2023-08-28T19:52:50.717102,0,20
2023-08-28T19:52:51.126333,0,20
2023-08-28T19:52:51.740276,0,21
2023-08-28T19:52:52.150652,0,20
2023-08-28T19:52:52.595259,0,21
2023-08-28T19:52:53.175154,0,20
2023-08-28T19:52:53.788288,0,21
2023-08-28T19:52:54.199619,0,20
2023-08-28T19:52:54.608070,0,20
2023-08-28T19:52:55.226448,0,21
2023-08-28T19:52:55.640384,0,20
2023-08-28T19:52:56.262210,0,20
2023-08-28T19:52:56.672159,0,20
2023-08-28T19:52:57.167549,0,20
2023-08-28T19:52:57.679761,0,21
2023-08-28T19:52:58.294950,0,20
2023-08-28T19:52:58.601055,0,20
2023-08-28T19:52:59.116321,0,20
2023-08-28T19:52:59.633399,0,20
2023-08-28T19:53:00.137616,0,20
2023-08-28T19:53:00.648604,0,20
2023-08-28T19:53:01.161812,0,20
2023-08-28T19:53:01.677120,0,21
2023-08-28T19:53:02.185968,0,20
2023-08-28T19:53:02.799854,0,21
2023-08-28T19:53:03.107288,0,20
2023-08-28T19:53:03.618746,0,21
2023-08-28T19:53:04.132384,0,20
2023-08-28T19:53:04.659944,0,20
2023-08-28T19:53:05.154815,0,20
2023-08-28T19:53:05.668734,0,21
2023-08-28T19:53:06.179363,0,20
2023-08-28T19:53:06.692629,0,20
2023-08-28T19:53:07.101563,0,20
2023-08-28T19:53:07.725885,0,20
2023-08-28T19:53:08.124984,0,20
2023-08-28T19:53:08.740867,0,20
2023-08-28T19:53:09.151007,0,20
2023-08-28T19:53:09.763040,0,20
2023-08-28T19:53:10.173382,0,20
2023-08-28T19:53:10.685684,0,20
2023-08-28T19:53:11.196335,0,21
2023-08-28T19:53:11.811171,0,21
2023-08-28T19:53:12.094907,0,20
2023-08-28T19:53:12.630129,0,21
2023-08-28T19:53:13.244736,0,20
2023-08-28T19:53:13.631828,0,20
2023-08-28T19:53:14.293965,0,20
2023-08-28T19:53:14.691820,0,20
2023-08-28T19:53:15.199218,0,21
2023-08-28T19:53:15.703311,0,20
2023-08-28T19:53:16.113119,0,20
2023-08-28T19:53:16.727252,0,20
2023-08-28T19:53:17.139348,0,20
2023-08-28T19:53:17.771327,0,20
2023-08-28T19:53:18.159947,0,20
2023-08-28T19:53:18.596792,0,20
2023-08-28T19:53:19.184064,0,20
2023-08-28T19:53:19.798720,0,20
2023-08-28T19:53:20.109178,0,20
2023-08-28T19:53:20.618559,0,21
2023-08-28T19:53:21.129693,0,20
2023-08-28T19:53:21.641663,0,20
2023-08-28T19:53:22.260746,0,20
2023-08-28T19:53:22.665395,0,20
2023-08-28T19:53:23.281501,0,20
2023-08-28T19:53:23.690149,0,20
2023-08-28T19:53:24.107898,0,20
2023-08-28T19:53:24.716118,0,20
2023-08-28T19:53:25.129945,0,20
2023-08-28T19:53:25.737561,0,20
2023-08-28T19:53:26.147790,0,20
2023-08-28T19:53:26.659625,0,21
2023-08-28T19:53:27.098455,0,20
2023-08-28T19:53:27.787863,0,20
2023-08-28T19:53:28.195397,0,20
2023-08-28T19:53:28.812985,0,20
2023-08-28T19:53:29.119563,0,20
2023-08-28T19:53:29.630190,0,21
2023-08-28T19:53:30.243521,0,21
2023-08-28T19:53:30.654045,0,20
2023-08-28T19:53:31.167914,0,20
2023-08-28T19:53:31.682548,0,20
2023-08-28T19:53:32.201360,0,20
2023-08-28T19:53:32.901875,0,20
2023-08-28T19:53:33.229744,0,21
2023-08-28T19:53:33.594715,0,20
2023-08-28T19:53:34.135457,0,20
2023-08-28T19:53:34.752189,0,20
2023-08-28T19:53:35.158896,0,20
2023-08-28T19:53:35.773334,0,20
2023-08-28T19:53:36.182342,5,22
2023-08-28T19:53:36.594587,0,21
2023-08-28T19:53:37.221218,0,20
2023-08-28T19:53:37.616270,0,20
2023-08-28T19:53:38.128470,10,45
2023-08-28T19:53:38.640645,9,21
2023-08-28T19:53:39.153328,0,20
2023-08-28T19:53:39.664215,0,20
2023-08-28T19:53:40.279559,0,21
2023-08-28T19:53:40.688156,3,20
2023-08-28T19:53:41.304958,9,27
2023-08-28T19:53:41.610675,11,27
2023-08-28T19:53:42.123879,10,22
2023-08-28T19:53:42.736849,0,20
2023-08-28T19:53:43.147728,0,20
2023-08-28T19:53:43.760770,0,20
2023-08-28T19:53:44.174214,0,20
2023-08-28T19:53:44.593997,0,20
2023-08-28T19:53:45.166161,0,20
2023-08-28T19:53:45.603118,0,20
2023-08-28T19:53:46.096261,0,21
2023-08-28T19:53:46.627253,0,20
2023-08-28T19:53:47.139814,0,21
2023-08-28T19:53:47.651961,0,20
2023-08-28T19:53:48.167243,0,20
2023-08-28T19:53:48.675768,0,21
2023-08-28T19:53:49.291387,0,20
2023-08-28T19:53:49.699030,0,20
2023-08-28T19:53:50.151213,0,20
2023-08-28T19:53:50.616924,0,20
2023-08-28T19:53:51.141820,0,20
2023-08-28T19:53:51.645362,0,21
2023-08-28T19:53:52.157511,0,20
2023-08-28T19:53:52.782330,0,20
2023-08-28T19:53:53.118495,0,21
2023-08-28T19:53:53.791062,9,21
2023-08-28T19:53:54.120433,20,27
2023-08-28T19:53:54.614391,0,21
2023-08-28T19:53:55.126059,0,21
2023-08-28T19:53:55.638575,14,20
2023-08-28T19:53:56.136422,14,20
2023-08-28T19:53:56.662829,0,20
2023-08-28T19:53:57.175084,0,21
2023-08-28T19:53:57.707917,0,20
2023-08-28T19:53:58.198979,0,20
2023-08-28T19:53:58.609421,0,21
2023-08-28T19:53:59.121039,0,21
2023-08-28T19:53:59.628881,46,40
2023-08-28T19:54:00.144280,10,21
2023-08-28T19:54:00.656775,0,21
2023-08-28T19:54:01.170181,0,20
2023-08-28T19:54:01.685832,0,21
2023-08-28T19:54:02.194411,0,20
2023-08-28T19:54:02.601466,0,20
2023-08-28T19:54:03.120643,0,21
2023-08-28T19:54:03.625819,0,21
2023-08-28T19:54:04.241110,0,21
2023-08-28T19:54:04.637216,0,21
2023-08-28T19:54:05.162143,0,20
2023-08-28T19:54:05.594253,0,21
2023-08-28T19:54:06.298217,0,20
2023-08-28T19:54:06.699148,0,21
2023-08-28T19:54:07.108237,0,21
2023-08-28T19:54:07.722742,0,21
2023-08-28T19:54:08.142893,0,20
2023-08-28T19:54:08.771835,0,21
2023-08-28T19:54:09.139257,0,20
2023-08-28T19:54:09.771290,0,20
2023-08-28T19:54:10.180161,0,21
2023-08-28T19:54:10.796015,0,20
2023-08-28T19:54:11.102779,0,21
2023-08-28T19:54:11.614515,0,20
2023-08-28T19:54:12.094107,0,20
2023-08-28T19:54:12.637908,0,21
2023-08-28T19:54:13.252539,0,21
2023-08-28T19:54:13.661427,0,20
2023-08-28T19:54:14.276711,0,20
2023-08-28T19:54:14.619574,0,21
2023-08-28T19:54:15.300275,0,20
2023-08-28T19:54:15.606951,0,21
2023-08-28T19:54:16.119925,0,20
2023-08-28T19:54:16.631256,0,20
2023-08-28T19:54:17.146719,0,20
2023-08-28T19:54:17.757442,0,20
2023-08-28T19:54:18.167235,0,20
2023-08-28T19:54:18.782716,0,21
2023-08-28T19:54:19.196518,0,21
2023-08-28T19:54:19.598883,0,21
2023-08-28T19:54:20.216298,0,21
2023-08-28T19:54:20.625322,0,20
2023-08-28T19:54:21.137426,0,20
2023-08-28T19:54:21.648686,0,20
2023-08-28T19:54:22.264186,0,20
2023-08-28T19:54:22.673183,0,20
2023-08-28T19:54:23.289336,0,20
2023-08-28T19:54:23.702520,0,21
2023-08-28T19:54:24.313197,0,20
2023-08-28T19:54:24.621491,0,20
2023-08-28T19:54:25.135639,0,21
2023-08-28T19:54:25.643980,0,21
2023-08-28T19:54:26.156184,0,20
2023-08-28T19:54:26.795115,0,20
2023-08-28T19:54:27.194176,0,20
2023-08-28T19:54:27.793183,0,20
2023-08-28T19:54:28.202769,0,20
2023-08-28T19:54:28.614728,0,20
2023-08-28T19:54:29.125219,0,20
2023-08-28T19:54:29.635996,0,20
2023-08-28T19:54:30.250614,0,20
2023-08-28T19:54:30.659801,0,20
2023-08-28T19:54:31.274641,0,21
2023-08-28T19:54:31.684387,0,21
2023-08-28T19:54:32.299709,0,21
2023-08-28T19:54:32.607818,0,21
2023-08-28T19:54:33.118145,0,20
2023-08-28T19:54:33.630958,0,21
2023-08-28T19:54:34.148808,0,21
2023-08-28T19:54:34.596771,0,21
2023-08-28T19:54:35.096964,0,20
2023-08-28T19:54:35.679258,0,20
2023-08-28T19:54:36.192996,0,21
2023-08-28T19:54:36.806393,0,20
2023-08-28T19:54:37.112301,0,21
2023-08-28T19:54:37.626715,0,21
2023-08-28T19:54:38.241625,0,21
2023-08-28T19:54:38.647545,0,21
2023-08-28T19:54:39.159589,0,21
2023-08-28T19:54:39.671680,0,20
2023-08-28T19:54:40.286780,0,20
2023-08-28T19:54:40.696078,0,20
2023-08-28T19:54:41.108963,0,20
2023-08-28T19:54:41.735023,0,20
2023-08-28T19:54:42.132445,0,20
2023-08-28T19:54:42.641716,0,20
2023-08-28T19:54:43.153152,0,21
2023-08-28T19:54:43.665174,0,20
2023-08-28T19:54:44.177114,0,21
2023-08-28T19:54:44.791820,0,21
2023-08-28T19:54:45.219260,0,21
2023-08-28T19:54:45.878055,0,20
2023-08-28T19:54:46.096103,0,20
2023-08-28T19:54:46.634810,0,20
2023-08-28T19:54:47.249404,0,21
2023-08-28T19:54:47.659647,0,20
2023-08-28T19:54:48.172110,0,20
2023-08-28T19:54:48.686816,0,21
2023-08-28T19:54:49.300214,0,21
2023-08-28T19:54:49.605013,0,21
2023-08-28T19:54:50.126190,0,21
2023-08-28T19:54:50.731840,0,21
2023-08-28T19:54:51.140687,0,20
2023-08-28T19:54:51.755046,0,20
2023-08-28T19:54:52.164987,0,21
2023-08-28T19:54:52.782580,0,21
2023-08-28T19:54:53.189344,0,21
2023-08-28T19:54:53.700891,0,21
2023-08-28T19:54:54.109944,0,20
2023-08-28T19:54:54.622094,0,21
2023-08-28T19:54:55.135087,1,106
2023-08-28T19:54:55.651126,50,170
2023-08-28T19:54:56.157852,15,20
2023-08-28T19:54:56.671099,0,20
2023-08-28T19:54:57.116155,0,20
2023-08-28T19:54:57.695983,0,21
2023-08-28T19:54:58.103312,0,21
2023-08-28T19:54:58.722822,0,22
2023-08-28T19:54:59.128218,0,20
2023-08-28T19:54:59.742610,0,21
2023-08-28T19:55:00.255369,0,20
2023-08-28T19:55:00.595216,0,20
2023-08-28T19:55:01.176411,0,20
2023-08-28T19:55:01.791151,0,21
2023-08-28T19:55:02.200103,0,20
2023-08-28T19:55:02.611090,0,20
2023-08-28T19:55:03.122635,0,20
2023-08-28T19:55:03.645724,0,21
2023-08-28T19:55:04.151422,28,517
2023-08-28T19:55:04.665162,40,27
2023-08-28T19:55:05.170416,0,20
2023-08-28T19:55:05.681798,0,20
2023-08-28T19:55:06.195989,0,20
2023-08-28T19:55:06.706385,0,21
2023-08-28T19:55:07.116666,0,21
2023-08-28T19:55:07.730358,0,21
2023-08-28T19:55:08.145911,0,21
2023-08-28T19:55:08.753958,0,20
2023-08-28T19:55:09.163699,0,21
2023-08-28T19:55:09.684018,0,21
2023-08-28T19:55:10.187376,0,27
2023-08-28T19:55:10.802969,0,20
2023-08-28T19:55:11.108988,0,21
2023-08-28T19:55:11.621559,0,21
2023-08-28T19:55:12.134370,0,20
2023-08-28T19:55:12.645462,0,21
2023-08-28T19:55:13.261388,0,21
2023-08-28T19:55:13.676174,0,21
2023-08-28T19:55:14.284263,0,20
2023-08-28T19:55:14.694104,0,20
2023-08-28T19:55:15.102025,0,26
2023-08-28T19:55:15.600294,0,21
2023-08-28T19:55:16.129241,0,21
2023-08-28T19:55:16.742165,0,20
2023-08-28T19:55:17.151480,0,20
2023-08-28T19:55:17.765876,0,20
2023-08-28T19:55:18.175377,0,20
2023-08-28T19:55:18.789757,0,21
2023-08-28T19:55:19.202937,0,21
2023-08-28T19:55:19.608601,0,21
2023-08-28T19:55:20.096831,0,21
2023-08-28T19:55:20.635872,0,21
2023-08-28T19:55:21.247836,0,21
2023-08-28T19:55:21.677197,0,20
2023-08-28T19:55:22.271253,0,20
2023-08-28T19:55:22.682873,0,21
2023-08-28T19:55:23.295486,0,21
2023-08-28T19:55:23.602497,0,21
2023-08-28T19:55:24.099154,0,21
2023-08-28T19:55:24.627109,0,21
2023-08-28T19:55:25.137822,0,21
2023-08-28T19:55:25.752671,0,20
2023-08-28T19:55:26.168090,0,21
2023-08-28T19:55:26.778327,0,20
2023-08-28T19:55:27.188027,0,21
2023-08-28T19:55:27.800897,0,21
2023-08-28T19:55:28.107973,0,20
